customer_segment,age,annual_income,total_purchases,loyalty_duration,segment_size
0,52.40855597469721,72769.88242364537,4619.643582194926,2295.750830564784,301
1,29.781302704786725,89275.38182049849,4178.024732273066,2053.4701195219122,251
2,44.81740062210474,77878.01041530899,8809.104954246584,1921.2515337423313,163
3,51.70056915314555,69350.64837568828,4107.173589684282,1736.4701754385965,285
